{
  "project_info": {
    "project_number": "167538169147",
    "firebase_url": "https://neroom-57764.firebaseio.com",
    "project_id": "neroom-57764",
    "storage_bucket": "neroom-57764.appspot.com"
  },
  "client": [
    {
      "client_info": {
        "mobilesdk_app_id": "1:167538169147:android:e2b478a1167e2eff9f931e",
        "android_client_info": {
          "package_name": "com.kapuaStudio.ner"
        }
      },
      "oauth_client": [
        {
          "client_id": "167538169147-s7ht1a2qhjv5ige3domsnetfe6vr8f7j.apps.googleusercontent.com",
          "client_type": 3
        }
      ],
      "api_key": [
        {
          "current_key": "AIzaSyCd-2LrKpD78AIYQdZzF2IajSesAwmhkrw"
        }
      ],
      "services": {
        "appinvite_service": {
          "other_platform_oauth_client": [
            {
              "client_id": "167538169147-s7ht1a2qhjv5ige3domsnetfe6vr8f7j.apps.googleusercontent.com",
              "client_type": 3
            }
          ]
        }
      }
    }
  ],
  "configuration_version": "1"
}